X,Y
632,8231
4367,315
1933,3578
4224,5496
2818,3023
8117,9934
3733,4219
3223,1782
9918,2403
2854,1524
184,9194
4102,7884
8087,7746
1274,5617
5501,2630
4647,6692
8859,9695
1188,640
1142,8159
4484,2888
2077,4378
7881,9879
7143,5738
8340,131
2810,5799
9898,3206
8888,3513
4282,8633
9529,8014
7472,7704
9609,8924
6304,8688
1851,3820
3064,4289
7442,4471
9143,2526
8979,3995
594,6001
8778,4280
8198,6470
6116,9620
5200,2856
1589,9564
1716,8262
3953,4259
8907,5205
7532,4567
2759,3328
4470,5587
2348,9694
3179,436
8464,8458
2106,1984
4325,8075
5567,1398
1925,713
2831,3777
6593,6075
3528,1832
1867,8343
4564,2677
2047,1765
704,8063
4401,173
3634,5370
9949,3307
4414,7052
2377,4843
2468,572
562,2147
8735,2664
6361,5389
9430,1887
787,7720
1199,8363
651,1502
9468,2867
914,2881
5026,6839
1520,3947
8175,2467
1099,979
6175,8463
8501,7578
9740,1276
92,9727
7784,1482
4979,5802
2945,9421
7781,6243
6841,9523
92,998
1882,8895
8583,7861
2,1588
1595,6129
1181,2846
2454,8288
5077,959
5260,9287
1214,6788
1871,694
2788,4859
9489,2584
8981,7342
8762,2935
3452,5836
2858,3422
3933,8116
4166,2063
1669,7471
5740,4124
1954,3628
9246,7753
9858,8148
529,5230
1960,8539
7490,6640
9645,3333
6036,7085
8321,6281
9581,9720
6109,871
9201,5037
4463,8264
8074,1500
9258,3808
533,3027
6374,8225
2884,4083
5656,6994
5372,7094
8750,8479
1997,808
7101,2367
9409,4718
9111,4675
3992,2964
9759,6572
163,4866
3289,6465
2038,7547
1127,8853
4296,4433
8821,1993
2295,6080
4493,7506
2074,4190
8511,2161
9300,7556
6947,7021
7594,9751
6228,8832
6798,2509
9675,8453
8700,5522
5901,201
8532,9760
1799,2850
1845,3407
6904,1649
3699,7818
1752,3214
6053,2705
924,2686
7284,1846
5425,8253
9371,9024
319,1782
69,6169
5342,5273
1625,6443
9388,4462
1819,9104
5481,8355
2413,7911
5808,7742
4688,8457
2732,9331
6304,1003
655,114
665,3183
1410,5674
970,3620
3230,4308
4557,6689
5129,6755
4559,6024
4433,9977
7490,922
9698,1177
6650,7757
8671,9715
4723,4611
8754,249
1591,8424
5753,430
5253,5674
9256,1630
7914,5349
8178,2019
4006,405
5610,7834
9241,6922
5997,5398
6299,66
585,6267
7630,4642
7652,5229
4252,1740
6371,8323
8364,7075
9270,911
1347,9741
3465,3231
382,8374
3061,9816
2599,9008
5455,1392
1427,760
9301,1043
7326,2963
1268,9856
2181,7523
9458,7221
5825,7173
7974,5393
2407,1303
7903,8367
9801,7965
1801,2106
3718,2658
8641,4770
1963,1831
6634,1643
1771,9101
2432,8912
7544,8567
5374,512
3306,7780
224,4215
1803,1267
55,4749
3229,8773
1265,6426
6672,853
9345,5623
4631,225
9721,8159
1823,4527
9930,2149
9207,5132
2884,4800
8754,1811
1384,4713
5855,6217
1711,3722
6143,623
6776,4406
6214,247
7612,2672
4822,3658
1173,5187
3113,8717
7431,1556
760,8587
4159,9045
5493,4310
3415,3897
6948,7553
2880,2462
8990,8303
2673,1944
6123,3394
9763,1626
0,1937
8168,1376
6542,2098
6942,3840
5405,1828
8235,2544
838,6615
1003,9492
8138,3863
7546,8756
7513,2615
3886,4127
1891,4739
8811,3624
4189,4468
5639,4259
6955,6236
7108,7272
4777,1907
2762,5760
7842,7303
8301,1280
4769,9147
515,3222
7301,5485
3425,2303
4275,5125
4619,2754
4131,1583
9829,5269
9485,7201
516,2069
3866,7017
6289,5776
614,5284
4940,8984
1207,2144
3237,178
4706,9472
7407,8146
2778,8649
5833,1373
3699,8053
3643,1073
2042,6738
2495,6871
3742,1539
3153,8989
5145,2311
6355,478
2150,5645
7756,3331
8986,5600
5546,125
4110,4269
8295,6578
96,3548
9607,162
3140,1390
7617,35
3363,4982
2948,1727
1424,8430
1519,5165
7239,2382
9724,7576
2717,5944
4267,7454
4938,8593
3187,9813
1404,4083
9811,600
5347,8530
9924,6872
2306,7904
4578,3586
1262,7366
5725,305
2869,5596
8257,6348
1984,6813
8959,3605
8565,6043
744,4630
8139,8968
816,5257
5780,4889
4725,857
8346,6016
8754,7659
4606,265
8494,6554
2005,3618
754,1685
4952,9960
5905,974
8335,7054
1941,4836
7362,1407
8039,6148
2752,1263
6519,1443
4259,8081
4113,1674
9613,4991
7129,8922
1541,6854
3829,4412
8573,7690
6455,8975
2762,4970
4994,2326
7423,3924
7729,4270
5602,5124
7239,828
7200,4423
6095,5692
2858,5522
8160,2433
5983,2577
3093,2507
8963,5337
3958,3085
9555,7722
7065,802
2255,3434
5283,1744
1890,4396
1516,1282
5381,4889
4572,1281
1568,2529
2126,6834
2474,2912
9182,2085
9530,6358
1642,1529
3295,3655
3177,1385
3934,6032
5863,8738
6322,4612
2574,8270
8347,3624
5505,9251
3643,8400
7616,4831
3264,8978
9483,5579
603,6477
5421,1131
7342,4100
3897,3324
7749,8219
4566,2352
6679,8202
8605,9540
370,2320
314,7871
5685,5394
8220,4378
9439,6265
8346,8834
3307,2928
6780,5307
6018,1919
7967,9304
3181,5456
3861,5918
5535,9954
2151,3216
8405,2495
857,8175
6307,8411
2568,4112
7312,2657
9464,3086
4499,206
2321,6747
5226,2369
9142,4842
2903,7154
9861,4247
3261,7187
3398,2196
2673,7073
5207,1991
9501,7985
5652,3645
5777,7797
5274,4276
4117,8204
2191,4918
6422,3877
6302,1466
8641,2205
9177,7015
2485,5229
5184,3560
1331,9706
4746,6463
8103,858
7158,2585
1724,9788
996,9685
3387,8980
9160,2953
455,3383
9289,8870
4311,9506
7616,8506
2175,9149
3344,1844
8899,5981
8785,550
9087,2401
8179,7896
2094,6521
7366,4961
6140,850
8224,5028
5615,8224
5819,8756
8137,6833
3394,3079
9712,5570
9963,9029
3934,2928
1318,7843
2773,4988
6016,6122
3698,6925
2811,893
8256,5346
9695,1744
810,7782
9389,2627
5072,1239
4469,9529
1903,8247
4815,3444
3789,6362
5570,4190
6567,2119
572,5778
9502,959
8819,2545
9356,1454
239,1354
5746,8717
9449,6279
2396,5420
7815,1633
9523,3899
8886,1530
8048,5337
2345,261
1220,2409
632,2501
7804,6505
8801,4742
1132,7501
495,7175
2279,534
9939,8634
1886,1173
3044,5890
8738,598
8376,8832
335,1954
4669,1191
9672,8066
3749,2947
1392,1888
789,5983
1896,895
9321,9791
9511,3656
9033,4020
741,9655
1308,8092
5349,6834
222,7160
5595,6257
3318,1051
3718,2342
8716,2119
6995,5786
7324,6976
3393,7653
7830,73
2803,3845
8838,9043
4890,3926
1714,2888
7057,2820
3917,2097
5648,298
1539,3667
1537,7603
8064,3382
5313,2599
6134,6160
1527,903
4176,1170
432,6535
6378,5780
7924,6714
9031,6228
1209,6653
7318,3967
555,1208
7961,3574
7644,4075
6324,1830
6432,4772
4431,8757
9219,1332
1760,974
5130,6589
9617,6212
5092,2864
5947,7087
1619,7155
7466,2611
2660,3487
1129,5200
7951,3285
4088,6614
450,7821
4936,8067
9527,2031
1189,9796
7886,9753
9351,8184
5417,6493
6149,8795
954,6051
6654,9507
3678,901
6644,3175
9147,8962
7991,4165
8571,5383
336,402
6786,6175
1789,8237
7683,1620
7451,2159
3040,5127
3483,1578
1474,1204
6667,2518
6604,9767
4302,9356
7653,3545
1910,5331
883,2843
7069,4861
9166,1341
4944,8214
199,176
4921,5744
8249,4640
987,4598
3941,5700
5925,9629
1943,4487
3141,633
7918,9492
2084,8068
5910,2025
6211,5702
8515,666
815,2722
3763,1066
783,8640
333,3783
2594,1763
7605,4236
9811,9263
4767,2735
6889,879
2225,3945
1969,4412
192,7217
8434,2673
9409,4194
2599,1229
554,4927
11,5734
1675,2292
7372,7404
8359,5234
7938,2220
5296,7702
1710,2411
4702,4290
1540,1043
974,7210
7839,448
8339,2060
2780,7529
4995,2225
8377,417
6195,6466
6978,9248
189,1997
4317,1291
1728,7253
8973,7887
4917,1837
6873,6205
7573,7207
9138,8655
5721,3695
5105,7238
4307,8461
2931,9150
4754,5667
6511,2209
4167,6964
6125,3851
1105,2878
9004,1830
9540,5505
4740,4319
804,9837
908,2893
3111,6608
1465,1991
5590,7908
7877,1377
5381,5579
1709,4222
4483,7069
621,1055
534,2122
1771,3592
1978,5288
6672,713
2627,4513
7922,4208
3554,8484
368,5587
2948,6808
389,5739
2310,3819
7004,2952
6032,8091
8673,2366
32,699
3011,2673
3693,9669
6596,4209
8223,7632
3066,7078
9880,4109
8762,4280
9267,9465
7935,9377
3249,7533
8813,987
1361,8051
706,3326
7440,4122
1248,730
2847,2452
8774,6645
9231,4885
8705,2417
2277,9728
1808,5525
8184,861
6269,8687
2211,5348
3738,1472
2291,493
7638,3804
2510,6518
6489,8121
8625,5514
7006,5564
361,8396
4912,9518
6706,9283
3645,357
3256,390
9646,574
1613,8646
4632,179
3145,4121
1664,3861
6385,5763
6716,2490
558,7335
1069,1281
6775,330
7277,3588
4661,5894
643,7734
2485,2377
9743,5296
5712,8619
2819,8704
2462,1020
1146,7892
8164,9578
3221,4482
8449,7373
1250,2706
4491,1470
5653,7834
8867,872
5171,1881
8605,2741
2811,7083
6287,9522
3837,5222
7086,7099
3384,5530
6995,5658
1613,2701
3442,8581
5473,3543
272,1211
1824,1701
3179,8370
4754,7850
5023,747
7777,3212
384,7862
2574,1185
7576,4330
1980,1008
6696,6177
1887,7702
7815,7503
9060,1101
9238,2133
4690,7532
2543,6698
6634,686
971,5650
8276,9258
2687,1528
6093,7502
2220,1111
2367,7874
9722,80
8980,9384
312,9297
8755,7020
6671,5292
6650,7000
347,7344
3084,9303
3965,4820
9958,2084
8760,1038
4018,9780
5182,1776
348,2691
8891,8171
9632,7597
4535,5740
5475,69
2556,6562
7611,7910
268,6833
4279,9575
2031,3772
1041,8411
6514,3948
4620,9202
1444,7971
2586,7519
1046,3876
7390,9562
9036,6940
3622,8600
7255,2104
4273,228
8922,9086
8745,1973
6290,9036
2023,8531
1256,3499
6151,7563
4589,2901
113,1846
3432,2481
221,2550
5526,9631
7312,2718
7484,1980
1845,7356
4410,939
9864,1445
5091,9308
6525,2425
7080,5317
4507,2528
5091,6490
3109,5411
7720,8053
9656,7012
210,1962
8564,2334
7068,7948
5876,3605
2725,810
96,2998
9691,8005
8262,1455
1891,6256
1030,2252
9639,1093
2883,3880
7751,6976
9743,9335
3199,3144
3920,4124
2561,7825
685,8416
3230,3076
9874,6616
6524,9686
9707,5132
2267,3429
5037,1123
5334,78
3813,9429
6826,8819
67,2126
4867,5253
447,2756
9466,2750
2909,612
3328,5745
6528,8563
4450,1454
6097,9345
6487,7616
9755,2628
6106,8889
2105,5730
4912,7792
9967,3865
6672,2235
6268,4882
2301,6480
738,9639
8710,8519
1930,997
2342,5604
3501,7995
2500,7594
1613,4729
9971,30
1737,6465
7405,2788
8392,6122
6181,8202
9761,3394
631,9609
1490,5931
9651,1480
2073,9308
3964,2006
8089,7837
6830,8302
3579,589
304,7573
9535,8005
9026,6352
3319,7386
4757,4445
1528,5324
3627,2286
8820,3446
9803,7570
3621,4795
3448,6837
5308,9113
5577,7882
18,7083
3896,9014
805,2919
7696,3595
4643,5334
2759,5204
5902,3872
9970,9312
607,2867
5006,298
5575,3704
4013,17
2488,5973
3704,9438
6808,4823
9981,4330
7896,8748
6402,4689
6570,7602
3033,4669
7005,6809
2263,2147
4468,4308
7861,2388
2229,4542
5536,4873
6875,9003
8975,9691
5880,6898
1770,4973
2851,27
8768,5420
7987,4251
290,3739
5760,6996
7382,746
9646,9385
9986,756
6917,1821
1560,4464
9550,2618
1361,9066
2025,9331
6333,8201
3686,6254
6977,6685
5589,3550
5234,4398
4312,320
2991,5946
6498,8552
7845,6357
7524,2167
8077,3293
1032,5895
5388,8346
1113,5445
5580,9559
5447,3482
2982,5179
4849,9754
8158,6065
6057,9758
1618,4106
2776,7759
2741,6704
3230,4898
6450,999
1182,541
939,689
7419,5062
221,3819
5767,1546
7129,4565
8317,5770
6336,2280
8257,8653
7730,9516
502,7610
6540,2481
7198,2864
9973,3428
7849,8448
1772,846
6368,5701
1428,9589
3029,3639
43,5839
7937,9780
8608,3781
163,43
1585,588
6776,1543
9415,6208
9358,9281
6448,9007
3917,9338
6901,5342
5887,2849
8360,8179
9831,6955
5669,1851
219,3247
4392,2058
8688,4327
5521,254
5157,4591
8852,1597
8882,8715
2303,435
4701,5486
5889,182
1445,9873
5430,757
958,569
3341,963
5828,6722
3065,6140
2754,7385
4061,7598
7787,4094
5078,6569
9804,1050
4577,5871
1239,2121
2383,4566
8546,1492
3038,2249
6294,519
2515,6098
500,926
2941,9905
5185,4879
5096,1183
1927,9930
31,824
6389,2093
569,3698
8577,2529
7453,7347
5409,5492
5095,4184
9429,3707
6376,5375
489,7288
5895,8084
5966,6592
2951,6038
5159,1334
8939,7602
3961,6981
3959,8985
1153,3133
2294,8820
9197,5968
5649,8043
6966,8898
6662,7465
4692,7663
7760,7580
9083,7340
2471,5555
4023,8877
2450,8622
2840,5382
3813,1676
328,6723
1911,6538
6885,1958
7041,5935
6554,5182
1204,5429
5329,5391
677,433
3769,961
9897,7843
3111,8530
4673,5053
8501,4146
9017,3257
8679,11
6583,2286
5615,4824
6523,112
5221,9008
4228,2842
3409,331
8122,5455
8996,4674
1545,4006
5233,6483
347,2489
5282,847
2221,4961
2760,9420
6709,6340
5613,2608
3221,5580
3388,1658
7613,806
2469,6414
3836,7690
410,2249
15,9150
9300,2189
2753,9653
1548,9051
7962,334
4236,1186
8410,919
4670,6351
3400,7401
3916,7282
5137,3853
6852,7614
6297,3595
82,4031
7386,3910
368,7971
2897,6440
354,6091
5531,7964
7796,6512
8426,9062
5954,358
2443,3064
2924,3085
4565,1906
9372,9344
3534,1923
6829,2221
8044,2626
2825,1552
8807,2272
5519,8933
2117,2878
9362,580
8938,3461
8927,5365
2104,7194
2937,3606
1640,2682
1800,726
9308,6570
8791,2302
5973,1908
7046,6735
7989,8263
2979,2784
5602,4141
7935,3400
1528,1301
1571,7691
6541,9279
4150,9752
7421,6944
1788,3959
2884,4696
2122,2251
4170,5718
5622,3318
2372,588
574,8636
4196,4228
8396,2847
8155,8971
8264,9360
451,1978
346,4170
4893,2933
7307,1743
2839,2505
8242,5165
1263,7436
4075,5646
4771,8459
5596,6327
3635,2480
1406,5423
9529,3214
6061,5042
3282,3748
9109,1524
4074,4
5593,5488
9216,654
5059,4749
7525,1181
6570,8327
1643,9945
5450,1412
1893,1363
4152,7883
1100,5800
3422,6381
2420,9162
9338,7612
2955,8606
8276,9105
2257,165
5142,8435
6379,2102
5323,5654
452,3108
9514,1511
1612,8671
7099,7261
6355,3887
3501,9918
733,2080
1540,5281
3976,3076
2020,8086
962,1910
5586,3688
4951,3036
34,3040
7528,9188
8695,9802
9870,7319
8151,8166
52,6910
3026,7881
2967,4664
5916,4084
464,4718
6319,6167
2306,377
5991,608
635,9095
6021,6799
1069,9163
7461,7057
5036,7102
2162,3312
6550,7190
5044,2092
3026,2298
6365,2691
8347,1376
3947,6898
4189,5448
4507,302
7058,1392
8438,6653
4952,1125
9823,2080
9535,6086
3918,1357
6633,9797
7182,1194
1187,7989
3897,1981
665,8497
6917,3661
375,1076
4076,719
2621,5477
682,5164
6290,6546
8581,5936
3845,9650
9226,7522
7459,9736
7186,8469
7084,2298
5045,4825
3821,4469
3202,753
1056,5101
2723,7736
9096,646
7195,4480
8514,8641
1471,632
5742,7874
344,5775
9079,5534
8640,5077
4058,2964
2956,5810
9090,3754
2433,2103
663,6737
9700,5614
6030,928
4347,6205
8832,6325
2675,7852
4960,4781
9626,7487
838,586
3704,3094
7179,9461
4055,9
3952,877
4988,9469
1201,7886
3988,4140
6785,6873
2813,6824
1336,9778
5261,118
148,260
3604,501
2932,762
7285,3125
418,364
542,8412
6026,8126
3738,6577
422,2341
4069,2551
3913,5046
9113,4693
3460,2355
3421,3405
3941,5499
5511,5680
7477,7700
251,4310
5714,8499
9220,1859
3744,2235
7918,6179
2763,857
9525,4007
7485,8793
6063,219
2962,2612
324,2859
8490,5929
2337,4378
5952,8258
5080,5010
7657,8829
6688,7058
8673,8996
7582,8570
6294,7729
6764,5611
6847,295
3878,1249
6917,4899
2646,8976
3863,409
6055,8219
3556,8471
3644,1955
8922,9150
8957,9510
4617,7335
9291,7418
7350,5536
1293,4054
6524,5595
9847,2911
4954,6773
4687,6017
8228,8869
6291,1559
974,9692
7921,4436
407,3012
4925,8125
3365,12
8383,2769
3172,2517
509,3134
9026,2590
2177,2842
7986,6121
1224,7442
667,8247
7454,1095
6664,1649
7378,5198
315,1701
9260,9271
2167,9016
443,3242
802,2351
3021,9083
7442,6173
4497,5802
2048,3730
444,2365
817,2825
2364,7026
7085,4004
2780,275
8437,609
6933,731
3852,5893
6165,1556
2309,9337
3775,517
7076,4997
325,3935
456,2191
227,250
2155,928
4208,2382
9091,6851
7750,6761
7134,9315
4933,76
2963,3959
2503,2362
4322,2071
1903,6969
6325,8957
9147,1507
6838,1694
5882,7822
7223,8994
6331,4321
1541,4000
4667,8180
85,7498
4033,2855
6368,9575
1610,3585
6724,910
8237,9405
1623,9010
7639,1695
5079,2524
3685,348
9630,7079
1781,8040
3287,6799
1988,505
6974,1444
5707,5005
5853,1714
6481,4888
9734,1938
7220,851
3213,8219
1755,6948
1824,9264
6941,7293
4193,4045
5214,4327
5886,6910
6195,5398
6809,2359
1718,6153
3651,9313
8964,1398
8547,4342
9476,591
6894,788
4152,6801
6450,7717
9388,4475
1200,515
2302,6091
3936,3605
2076,4384
4456,8516
1953,3764
2336,4105
8856,6699
8621,7612
2263,1000
1124,4561
7795,6310
8092,760
9979,4249
488,328
572,376
8419,2956
403,3063
6072,4204
3556,5761
1895,9367
5804,6723
9324,2994
466,7588
315,1223
7289,3014
8551,4709
4046,164
8915,6740
9863,7745
2367,8355
8878,2214
1970,1572
6902,9504
2616,8081
3539,745
1163,6208
6917,7983
5197,970
6366,298
7468,3762
3614,8951
2683,9695
4077,430
9588,8609
4895,5358
9772,9972
7982,416
2007,702
4614,5194
3017,5290
5485,5302
1556,9877
2147,9804
1876,1249
3019,1990
1148,7704
2299,5800
864,4126
553,1965
3798,3449
9801,5465
1443,2116
8283,614
8771,9143
4276,2415
5114,9963
1625,8339
8521,5401
9165,3196
1263,7486
5629,9327
7068,9791
4737,4906
6710,9656
8335,5869
4185,5850
399,5487
4200,1717
525,8322
3326,9593
2294,317
6696,1278
4132,3113
7439,6374
9159,5940
8723,6342
3736,3282
7538,1694
3260,2266
5236,1404
6778,6197
7195,2028
126,4236
873,2921
696,3996
7178,8139
5211,3791
5866,3846
9176,7752
9006,4963
54,9768
6170,9961
2872,9869
3655,2063
6792,6858
2527,6235
4332,2716
3072,491
6395,1503
7464,6437
4870,359
7650,2571
6218,7202
2575,9332
1373,2994
3853,4689
4087,3022
8790,2949
9437,1619
9206,262
1852,5706
9571,1979
614,9845
8253,8101
5448,6137
761,6652
7794,3231
4470,7594
7232,763
3707,1223
5922,4922
3993,4413
5343,8649
5960,5633
4778,406
4183,7845
6312,25
1972,6391
4836,5958
2027,2637
4230,1373
678,1961
713,9046
7768,1327
1714,4470
3842,1941
7980,4014
3084,6100
292,6304
2228,9939
7352,4799
4542,5300
1139,3054
4768,3909
2767,5560
5832,7532
1021,2390
155,3613
2883,6536
8507,4870
1052,6770
5756,8524
9322,8090
5892,6633
9020,4194
7446,1844
868,6125
7715,6718
4409,8143
2826,4005
658,9472
7669,5116
1148,9901
3580,2756
6180,8473
8401,5338
3158,1580
209,4724
6003,6638
2372,24
2928,3607
5059,1448
5839,2824
907,6782
4850,548
5013,9344
9952,1733
1447,263
3040,4510
672,2467
5158,3193
9087,5763
1084,2980
9709,2630
2928,485
6892,7831
6044,2020
8368,7624
7572,8381
2688,3972
3685,9685
7001,2374
5507,4
7831,8134
6619,508
3500,7958
6518,8218
3807,2668
2671,5323
2301,1345
3003,9437
294,492
5190,7315
6267,322
5691,2750
9955,2796
8345,103
6769,9715
9260,6607
3724,5548
7091,9971
5934,9032
4666,2571
393,750
1516,3143
3024,8717
4465,5203
779,390
7368,2374
3646,9526
8336,4852
320,3601
6897,3423
2116,7979
3535,7795
4815,1654
895,4209
435,4666
1174,2541
9757,8630
2342,3058
975,5923
3968,2677
9869,7719
5629,1429
2039,79
4653,1918
5106,515
316,3377
2058,1208
1905,9129
6382,6458
6810,6649
1547,5086
51,7495
7581,6178
5613,3659
5355,6123
6514,6535
8130,1845
3354,521
3740,7941
5771,3825
4810,4597
5944,8742
8673,9606
7330,7622
9684,4982
4832,7695
8765,9503
9655,6911
3387,905
8982,647
2992,7362
881,945
4672,4591
6392,9405
8157,9333
8268,3059
1162,6588
9683,8114
8113,6974
8138,3323
9136,2961
7151,6699
7499,4359
3075,7017
1944,4979
1197,1124
1891,8592
5528,9355
4623,2761
5220,8950
7382,9082
6680,5306
5060,5064
9784,2516
3995,1267
5831,4132
9433,5952
4467,8563
2611,7650
2351,2285
8418,8877
2627,3899
3526,4049
4006,2574
3890,7014
4235,4998
966,2974
5811,1598
2096,8413
1502,4029
3826,9652
7168,1165
790,7010
6039,184
2944,2369
4099,3719
4256,9455
4324,4195
6356,2002
3798,9268
6405,4015
9969,3277
4759,8071
3991,5019
8022,1594
2021,886
4237,4710
3892,5088
8047,1235
2973,2481
8463,3001
9846,360
4588,8125
2285,1629
661,4007
3972,8849
2909,7301
8181,7949
6140,98
3286,7471
2563,5637
6555,351
9729,3753
5452,4162
2950,6688
3490,5061
6989,372
9318,4842
2976,5476
6823,7384
4243,9490
3869,9970
9265,5197
5418,2963
1469,2901
7965,1998
9673,8576
3454,4398
8567,7839
6582,6726
2237,5480
1052,1832
644,3799
9893,2752
2300,8768
3406,9902
2008,7387
8478,2084
6459,8511
5610,5100
8250,2623
8804,6588
1570,9206
61,4258
6649,7992
7270,2054
6078,8195
1229,1085
9876,4985
3491,8373
4864,4931
844,4236
8947,9687
4026,775
1693,3455
1432,3409
6138,9499
7785,9966
9627,1419
4208,5279
6741,4051
3137,8860
9992,2434
8226,9854
8929,9471
8948,452
5887,6151
7188,3955
7423,6740
6769,925
6173,8372
3383,9860
6040,8752
2752,1638
4062,3167
4633,7294
7265,5455
7991,3526
7773,2420
4906,5963
137,499
3866,1003
3858,5461
5825,1717
7474,4317
2548,3120
778,525
7886,2756
9725,8048
2258,5674
7345,8562
6480,3209
944,7590
6466,8059
4955,764
69,8529
5666,9525
8090,1082
7432,3648
4679,2587
2471,1067
3146,8381
2065,7322
4545,1061
4968,4648
3863,6208
3507,1
2625,2016
745,6200
6491,322
2198,7360
6718,7171
5351,1365
5218,1839
7663,825
226,7313
4436,8893
3220,6650
5527,8049
4337,6127
3660,4006
6472,4407
7673,2581
8824,1925
2322,9254
5479,1159
2388,2041
7509,3718
5873,3826
132,721
252,2504
7750,4506
3133,1841
6405,6370
2227,7212
152,3017
9043,4494
5778,4453
7469,4548
5794,6426
8218,2468
6172,6350
4918,5123
9718,7052
2829,7320
2843,4063
5553,1088
9274,7355
2229,2561
4285,1604
739,9746
4095,8993
6967,6017
9331,5376
3519,1480
4994,2614
5514,4884
2505,798
8385,5178
2370,2196
8072,9531
3551,7592
4850,1208
1912,1094
2500,408
7655,7400
3014,4554
442,4537
8974,6337
6239,6821
3261,4955
2733,3932
1129,5893
2859,6181
5778,6938
7917,5362
9571,8837
2226,1474
6126,9763
7543,7028
1943,2558
2425,4131
6930,1721
4250,9903
1923,5
312,146
3588,571
8466,3815
383,196
4747,8510
6375,3907
6378,4472
1208,2154
1613,5688
4651,2009
4346,6171
3698,9484
4366,4945
183,4582
766,2299
3930,6924
646,7903
6927,6956
994,2033
7831,5938
4285,6084
9814,3747
9858,7525
5040,4856
160,4190
676,3571
433,2405
5450,186
652,3665
2180,3094
8872,24
2270,1207
4767,6088
1543,7107
663,5411
5878,83
6217,9029
598,7218
3017,7455
1595,7586
8185,2798
9697,234
9410,1149
3558,4026
7146,3539
6992,4486
3805,3253
2357,4263
3057,3049
2364,5770
3659,7844
9357,1572
7547,5678
2395,4007
3813,5057
5330,7198
382,9335
166,7662
6355,7636
9255,571
459,4683
8962,3217
2732,1751
7695,5431
6716,6868
1843,5811
9571,525
9252,213
7878,6231
7325,9643
7902,9412
872,2645
127,9915
5084,6701
1991,4494
1923,7045
2058,3453
4869,8556
4220,741
8656,6451
1978,5075
7082,2035
9608,3653
5604,7765
6739,3665
2617,1543
117,964
9920,1275
2840,9431
6731,4207
220,4114
382,6391
261,6862
7510,1770
7774,563
4899,8117
2796,4489
8477,4590
3023,4789
480,8626
365,8770
8905,9352
8714,8758
5442,2007
7658,1593
9181,6477
6795,4933
3213,8452
8154,1531
2328,7623
3382,5481
4157,9914
7766,8617
4782,9300
6016,9873
2115,6462
1433,8097
1178,6814
6617,451
3810,4665
4307,8078
4873,3400
2660,7096
7474,8927
56,170
3806,381
193,4234
6387,8217
2840,1992
9005,8969
6410,3265
9925,930
4415,157
6476,5560
3580,772
1681,2738
6779,4433
2555,4222
7891,6305
7715,7987
2631,2122
8095,8139
2565,3789
545,4389
5505,5716
953,3981
2582,523
2037,2662
8823,9588
2195,3891
1644,1913
9880,2238
7771,3712
6769,9881
4860,8309
4288,5343
8857,63
3299,6425
8556,261
8755,1542
6450,4371
2294,1602
8275,4566
5048,9519
1219,2870
2452,3106
9110,3927
9809,5657
8031,3889
5468,1962
2742,5417
172,7914
6881,423
2132,2724
679,4097
8639,3024
2804,6985
9405,8983
1091,6537
3392,2654
7725,6253
5973,5493
2984,5322
1449,5745
4306,6349
1426,6579
7658,2358
8086,810
2483,5448
4034,2771
641,6554
8742,320
2970,1510
4135,5246
9806,5572
6929,2164
9051,2594
9444,1167
436,9356
5602,2559
8194,6957
6304,2753
1731,5746
8760,1266
6333,1331
729,4855
9279,2273
2182,7148
6774,3558
322,3158
1479,138
2315,926
5230,8667
4243,2903
7254,9794
8274,9113
2990,6405
50,5243
1395,4549
9350,4825
7768,3342
5599,3026
9447,6894
2940,7079
3011,4950
5380,9435
7869,7529
9744,3594
3166,9751
5046,2380
7384,1668
6557,2179
9862,476
3575,1473
2025,2537
7075,5530
7101,2503
7025,2608
709,5931
9619,6335
6804,5192
1264,5446
7099,7446
3465,7199
3828,5354
2761,739
9716,9629
3323,1367
6010,1045
5121,941
1953,2392
621,6584
6228,9506
2614,9022
376,2929
705,5860
9257,375
8137,2969
8795,4248
3551,3913
3030,7067
1675,9704
3589,8860
2390,2342
3884,6816
478,222
9128,9584
8536,6743
4025,3190
4176,9466
1884,23
9678,8875
8499,3095
2950,1226
6935,2354
2462,4004
4408,9179
6717,7595
9106,9866
5741,7021
5723,8919
961,5943
2762,4044
6595,5179
5352,4145
8568,5052
5047,5057
7973,4567
1647,8371
9752,863
6951,6606
5291,9123
727,1802
3179,945
7168,2081
4266,9737
2750,9810
2273,4231
8087,3946
8220,9546
8206,6836
9353,576
2927,9633
2231,5494
5246,7741
8772,6878
7495,5671
2079,1727
6781,9166
6055,8414
5911,2476
9647,3163
9731,3742
1775,9979
9585,8243
9758,2359
6477,5794
9821,9407
5788,9965
1391,8839
7741,513
4843,530
7081,6788
7027,1047
6061,5257
3055,6058
9048,3904
8722,2090
5336,4885
3093,3014
7521,6575
6120,5330
3879,6380
1351,6919
2402,3848
6636,499
7636,7601
6340,7602
783,9070
9329,3404
1000,5251
9762,5171
8520,4962
7134,9290
3562,2928
2349,4285
1013,6832
5907,5726
7484,9808
2216,5546
5708,7749
6905,7720
76,1778
1507,5819
981,8736
3412,4295
7286,6749
2584,8264
8912,6845
4320,6969
3418,1304
7298,8943
9746,6059
6153,2887
9408,1092
3913,4810
1767,7442
8975,8091
9897,1116
8820,9699
6930,9939
6380,5005
9949,1072
6137,6330
9866,8303
8159,7470
5645,3290
9014,6326
4965,7184
1394,5481
3772,3379
6535,7269
907,1646
2843,6752
1799,3606
1767,3448
2374,8794
8995,4776
5967,8466
6442,2864
1849,5604
8632,8146
1618,9768
5468,4244
3111,9222
1394,7754
7204,4572
6771,3502
2250,5008
9201,648
7406,963
921,2360
1278,5178
8625,1316
8221,6778
2307,39
3920,6139
5418,1392
1704,9653
693,3749
299,2617
8384,3671
3642,6255
9902,2876
4973,1086
4112,7768
3399,8564
3344,3085
7557,5223
8443,6276
565,93
9379,3099
5780,4890
6283,6242
8,9242
5934,5038
5429,7768
5730,5170
9512,3585
4857,167
9853,5083
854,8047
665,2660
7149,590
9207,391
4313,6648
3924,8202
4830,9815
9363,8997
7899,7859
1988,6101
8352,8910
443,962
8018,2771
364,8166
8965,9667
9452,10
7347,2785
8251,6764
9048,7167
7435,7848
8577,1472
456,3074
6810,5171
4478,6006
6917,6689
4771,84
286,561
8675,6310
1653,9041
3140,7741
4094,3836
2649,259
248,5185
7347,5004
1327,8476
5632,7402
421,852
862,9031
6242,9825
8998,1822
6122,51
6386,4283
1657,7135
2606,8734
5293,1546
5005,7435
5939,3999
7866,7766
454,6357
3529,6591
6844,9460
104,945
2310,4902
3715,6235
4615,2972
3017,4390
6896,5269
5187,7543
3827,9203
5928,9665
7157,6437
9717,5207
9129,2048
655,7421
5615,5767
6057,6340
9623,177
1666,4901
4296,6938
6713,3206
7582,4418
2641,1186
8479,9153
6556,828
1126,6443
2929,3629
4299,3805
4436,2253
5289,19
6152,9044
7021,623
1466,4530
7786,3808
9352,8277
3719,2220
7008,1586
7672,995
4123,8546
5387,3738
533,137
1214,9208
8519,6060
985,2445
3918,9297
6908,1146
906,7103
5393,9202
4888,7694
1756,1991
2008,4985
357,2256
2458,1608
8231,1153
4840,1024
6247,6782
3915,2708
4080,938
9891,9637
4772,8312
3440,7566
8035,7733
8534,9461
6095,6580
7986,1953
2607,6541
195,4589
325,6526
6458,5964
26,3421
2297,9904
6014,9190
4328,3894
1524,28
5644,3880
826,4377
4652,9003
629,9220
5499,8838
5842,3009
2278,1284
4679,689
6766,5536
6987,4479
3224,6319
9338,8358
303,1475
2749,9810
2188,9538
2818,3785
4805,1985
8063,840
5237,2624
4538,2657
948,9791
7770,5516
7069,8483
2609,4751
1706,4331
7102,6244
1072,9841
6335,4902
7182,4552
3903,3625
3974,8094
3192,5933
4120,8957
5417,4231
5126,9282
1999,597
7453,199
2581,5658
1876,3073
7756,8131
9810,2523
1228,7434
7935,8763
2370,7793
1068,5646
3752,5893
940,4627
1509,1196
4670,6240
8726,4802
9617,5746
5665,8090
5737,7152
254,7753
1624,9864
7969,3956
6089,9917
3702,7920
3619,6422
3854,680
2206,2435
4958,8398
331,7611
9199,5398
7522,4046
3811,681
8680,2628
5369,4891
785,9126
8558,3165
4989,5832
9820,7310
1394,9328
8451,3887
8844,431
8048,8485
8294,4869
9036,7750
9747,8576
4479,383
9855,290
7785,3131
7157,3335
7173,8197
8030,6587
3594,8081
4668,2558
4993,5300
4044,4479
3241,4727
2225,969
2962,6874
5078,7287
2490,5257
6604,3690
2247,1177
374,7800
3358,69
2497,9626
5172,7982
3490,2620
123,7754
1999,7148
6079,7497
2905,8410
1598,7061
4920,2306
3698,9068
2125,4786
2111,3063
9099,6202
1945,592
7186,7415
1935,8491
869,4580
6715,7056
4557,6834
9212,5151
5068,5460
4250,2776
9270,3946
9551,4392
4193,5140
7088,5749
7617,1506
8082,5687
2575,8511
1659,4580
8384,1049
9677,1547
755,6907
6429,7033
4967,7400
9698,2146
7616,2719
1870,3937
3085,3132
2641,8604
6172,2952
6423,3969
9282,9789
322,3547
6663,9372
652,4816
8807,6919
9181,1652
4968,3034
511,7971
8885,7268
8816,3750
3095,3333
5487,1839
5505,9945
3074,5665
3877,6230
4576,6591
5938,4596
5619,9103
6501,3322
3998,3510
9762,6501
1025,5379
8921,8017
5957,689
1108,5874
1511,9757
1674,1899
7226,5226
8930,7891
7589,2009
4005,5995
7543,1576
3986,8939
934,9115
4843,4617
9008,773
1474,4722
9758,317
7390,199
1754,6004
9972,5667
9744,862
3684,6255
876,7366
734,6099
9637,6338
7603,4544
1740,9326
8649,8112
7865,3101
8759,9930
8750,3151
4272,6060
2915,8470
1828,3512
5493,8960
4033,2497
3569,1391
8322,1645
3760,3666
8083,3770
4255,2967
4891,235
8170,9570
8059,2107
5545,7909
4741,4803
7357,4782
590,6788
806,7490
916,1058
5559,3208
2066,8798
8972,6699
1138,4096
3538,1506
4398,5006
6522,8177
6920,9275
3669,4533
9046,96
6503,1855
8905,7997
7324,9186
4184,751
3712,3196
7138,1175
2514,3382
7861,4973
8272,1841
8958,3698
1716,8138
2753,535
1422,4044
7407,8810
7494,379
1774,1700
1122,9972
6039,5099
2450,4498
8860,519
8730,2096
2657,3193
3268,5937
24,7396
5294,6671
8161,4344
4391,8453
2055,7661
6767,7709
9646,6858
6510,9293
8004,898
5177,6593
7189,7036
810,9593
6180,7255
5606,156
8761,1138
2748,6518
3306,7314
567,879
611,6263
7621,4182
9687,8759
5319,4131
8959,8839
9454,5946
9818,3498
457,8583
1821,580
821,1794
7595,1064
6401,4782
4402,6461
9240,7702
9706,6073
6251,982
7569,2287
3509,3957
2588,6204
5066,427
497,4338
6054,502
682,1365
2832,7227
9637,3182
2457,858
5473,2001
2123,9058
2196,8507
8421,5335
5557,8492
6847,6396
8958,4534
6192,9762
1621,9505
1461,7085
9027,209
6590,315
3424,6416
1621,5218
9556,7840
8577,6008
658,6
4797,3265
8245,1469
1421,274
9090,3269
7188,9090
1011,7309
3758,5939
9280,2036
217,4597
5637,7072
4101,7789
7466,8070
208,6267
2061,3721
1795,9488
9167,219
9993,9880
5613,1415
7003,8623
9757,3704
9182,8462
8199,710
5131,7760
2737,2652
1953,4402
4300,8247
3510,8543
1424,2592
2658,6523
5318,9786
8288,4999
1857,1279
4627,8607
1499,6785
1853,1382
7014,1145
7423,7239
5352,5424
248,8119
772,9429
6874,3347
6221,8822
9606,4783
2565,8513
5293,9218
7542,1166
8764,4476
2667,6533
987,1084
4104,1514
5157,245
1778,3444
1429,6791
4908,1660
2417,1957
971,3282
3165,455
8806,8265
703,4072
9351,4274
8920,339
8288,4178
2531,4598
7020,9895
2823,3548
3023,4118
7962,5732
9684,5466
4454,151
7539,5654
1834,8102
5171,1859
6539,9676
2148,6435
1388,7699
3811,3864
9625,3294
843,9555
3275,8892
5571,6920
1881,6600
9825,7145
3750,4782
749,2577
8487,495
1746,4698
6787,500
2276,3424
3179,1322
1436,8952
1255,9374
259,8270
894,864
8410,4856
8235,4577
6869,242
8791,1001
2212,3077
4150,6169
5783,1553
7071,6318
774,1310
6653,6671
115,2829
1857,4425
8780,3356
6475,485
9816,1876
8873,1966
1769,549
6752,8538
1601,5872
3140,7397
5828,8417
3286,2624
3302,8047
1945,5864
1259,1745
1290,7821
8076,6455
1695,6904
1031,8704
8744,4580
2293,2716
2463,271
5046,1707
6931,5454
340,1689
4785,4465
1103,8527
1815,5379
6166,650
4853,5722
2479,4577
4960,3445
5009,7310
2187,6352
8865,6495
5250,8371
3285,6819
376,4790
9112,5701
4806,7231
3884,6886
8494,5484
6757,438
1474,6627
6240,6876
7434,9964
847,911
996,3577
1847,3621
2906,3482
1737,874
3358,7244
6107,7620
1036,2798
5836,9035
1487,7097
527,7339
8623,1478
8760,3291
6815,4784
593,2338
2897,8877
2551,6349
4857,3615
1388,3875
4737,2213
4891,7042
4176,8862
5144,226
6880,9368
8865,9125
3056,1975
9992,4406
4818,6121
3422,6592
9491,4409
5042,249
2987,6099
6778,9021
1073,573
2170,1681
3401,3867
7346,1055
9883,8268
2752,6970
504,7123
3909,4488
2637,4534
6758,2774
2020,4259
6774,4496
9223,1046
2056,8450
610,4706
6860,4560
5135,1893
9027,9436
9500,1176
9005,4035
5031,4948
6016,3592
3798,5544
4401,444
3581,3157
2873,807
4964,5036
8358,7816
2248,8707
8666,8092
2628,8176
5533,8913
2758,2457
9433,6315
9493,333
6513,141
5831,5886
9092,2199
5059,430
2630,3198
690,6014
3645,6061
9734,2960
7358,4631
1851,6043
5129,3879
8309,8658
2320,4245
1460,5737
9581,7250
8504,8520
6539,3402
7821,4860
676,5723
2790,8746
7844,97
8132,6378
635,526
5366,4633
4695,2516
1808,2031
9261,2730
4416,1570
3922,6693
2099,3968
6677,8617
119,2209
5524,9142
2945,9560
1857,9988
2682,4155
5617,3601
6164,6659
8106,2874
7069,1378
9971,2069
5127,1020
8480,7507
764,2343
8373,933
7791,1917
8434,4544
3136,298
6280,6699
2730,8277
9494,3570
7588,9581
8209,6797
7683,5063
3894,1394
1727,7351
1039,2889
3163,7951
7439,4468
8179,3418
6431,3731
6130,6414
502,2664
8924,4770
4523,1983
4599,6907
2231,5483
7031,8003
700,7725
5974,1685
2163,5645
1138,8759
470,3479
29,4770
2942,2944
2930,113
2057,2823
8832,4796
3650,1807
5280,8932
2487,3047
4432,1413
3874,7884
9506,8748
8055,4836
9949,5006
7044,3071
7575,3238
2371,7148
5735,1807
8340,9670
805,6454
7715,9494
4169,565
6275,2288
8488,9476
7164,7312
5448,9046
9664,6183
6814,5238
2077,6609
7968,9990
2033,5308
8999,4722
572,9568
4982,7370
423,359
6689,1887
5997,691
9624,5288
3837,4630
389,5024
9899,3711
8162,2391
4840,3662
460,7827
7348,3529
958,174
3302,4102
4868,6758
6094,511
8407,4555
1354,9510
667,7551
7075,3294
1175,3460
7201,5081
3399,5587
5023,8086
7527,8364
87,3768
1240,6665
5719,4248
5324,2769
9611,7624
2510,6819
9957,9889
3538,6098
8503,1857
5135,3069
2820,2201
4408,1141
6425,3854
6246,8952
5519,6995
9883,6485
6725,8108
9271,6992
8840,2117
2514,5067
6755,1366
7484,2657
6770,6972
2257,4910
4374,3772
3205,7
6200,3185
7188,7279
4051,6690
4362,8317
5143,2493
6811,9225
9102,4303
9208,1258
6076,9873
9401,2510
9168,6969
4621,786
467,6564
7647,9588
9471,7583
4921,4163
3938,4198
5484,9081
3371,6408
3957,2693
9936,4497
7992,7971
3660,9733
9947,9146
3884,5405
469,7540
2788,1883
9851,5251
1380,7593
1198,2922
8576,4653
1437,5646
2145,6278
8625,5077
2533,5599
5986,140
5518,358
2923,5711
6843,2443
8121,3711
5115,6490
1641,3999
1346,72
5686,4188
8663,3817
2201,6030
5062,2155
8596,5358
5190,8118
1646,982
8182,3669
7767,7963
6737,5789
2496,6929
9255,6447
1753,4047
3127,3468
1981,1381
1822,2785
9901,4630
7545,4054
4275,919
4894,1135
8070,3036
9580,5673
2029,8629
7154,8998
8768,7915
1451,3314
2743,6769
6699,9901
5594,6911
6147,9553
7088,1012
6355,230
7769,3201
5603,5488
926,9826
348,382
5172,1346
8758,772
5298,3860
6214,3312
3708,9707
4737,7345
1819,8353
8724,3539
8784,6503
4351,4420
2486,3560
386,8264
3219,3614
1853,8433
1394,367
4687,4494
3195,2726
2865,2494
6286,5890
362,593
4757,4250
2839,5143
976,1381
6886,4082
862,7871
4156,4838
1352,6860
1306,9694
8340,1142
2831,863
4584,2062
7737,9734
7635,5740
8395,7371
1439,9195
285,9320
2509,8599
9212,7303
3111,8223
4886,2904
1425,4450
3652,4168
1430,8907
295,3203
6551,6371
6174,6478
1242,2830
5512,6673
3835,7308
9723,3686
1197,6171
4822,7323
1317,5780
4810,8462
8712,5552
1456,9257
1882,7212
5816,9821
5299,2066
2677,7928
7289,2369
1702,7023
2164,2959
6098,728
5464,8284
3394,6242
8485,9329
8874,2725
7881,3237
5308,3779
7761,1085
6686,3965
4248,4861
5862,886
2677,2991
1429,4990
7082,433
3703,1258
54,4100
5955,1319
4422,7412
5768,767
5426,7697
8174,9115
5239,5010
3546,4710
8271,9066
2520,7150
1910,3232
8480,3863
129,7497
7124,8759
2786,5006
1685,1624
1406,5636
6266,7764
5304,2296
4059,3045
8589,4796
633,2447
875,4137
9780,7856
69,5930
9592,1379
9828,9143
8261,446
9471,6231
1184,7099
5437,7679
6424,6461
3330,3231
5564,2700
83,5819
1366,546
3862,7417
5029,4641
4110,7862
6259,4187
9947,9623
8323,6338
4334,1062
2749,3350
5457,9578
9073,5982
2112,7406
9143,2724
3043,5678
4163,4894
3331,4214
9332,2500
344,3281
5746,2405
9283,1729
1902,9345
2382,1948
9565,8430
8447,3701
8482,7985
4769,1842
5662,1912
9284,253
4523,8793
8839,9388
2929,2736
6987,3865
151,7577
3591,6323
6020,9577
7962,8147
8810,4704
6427,346
5660,6655
2395,1862
6756,6984
5456,5114
4475,2852
4757,5972
1087,6275
162,371
9923,2272
4910,7697
480,7880
9902,7106
9888,2777
8862,1870
7232,4520
6968,4893
6558,5057
6052,167
8364,5566
3530,5906
7529,1079
750,2946
4594,2759
5722,9274
2138,7649
7462,233
4894,450
5496,7659
7470,8517
2936,1689
2223,9339
7803,5308
3278,4779
8766,2954
2943,9192
4193,7033
3922,6127
9335,4639
767,5316
6081,1943
2944,8742
2878,3254
6869,1926
8753,4228
6346,5210
286,309
3080,9584
2447,1038
6493,860
7973,2360
2077,535
6326,174
3996,6326
9888,6900
2669,2068
9580,529
1865,8556
8181,3035
3275,6967
3491,7339
4576,7187
2026,5443
4557,6219
991,2871
6508,6348
411,2379
3569,2429
407,263
8713,4913
4620,1033
6678,2527
79,9847
5393,9727
5965,7876
2682,541
4234,2309
562,853
9074,6201
7657,8324
1184,2873
6696,2985
1469,82
3413,5774
3763,8906
333,3392
6861,7136
5894,934
193,8293
6917,2883
2095,7043
4668,5257
3488,5842
8580,805
8633,8412
7791,4002
3239,4793
3910,1207
5695,7215
9461,9472
9999,9230
398,436
8328,7987
3868,1232
7087,5984
3046,286
8480,7558
594,3408
6182,5288
3455,7015
1831,766
4647,6088
2616,8306
5291,5726
1494,3899
2724,8065
8442,8617
9139,500
7942,4977
4650,7871
1313,6411
7641,3474
3392,5160
6,6713
833,3295
7034,6566
1356,1124
1604,1879
7768,3318
4453,7529
2546,9320
3092,7496
4949,6424
5197,2847
7665,8235
335,2919
5689,8911
8071,749
1446,5709
3885,6600
689,9862
8953,1753
650,8287
8927,7656
314,5668
2889,1625
8858,4462
4373,1226
6081,8634
3746,4063
6441,1994
3336,1417
7955,2722
3332,819
3759,6046
1002,6308
4392,3320
4898,3987
3700,4027
4768,301
6211,9700
7558,9672
5661,3650
191,3995
4624,5410
8239,922
1475,9697
6848,588
3621,9811
8284,7621
5654,2061
7988,1859
9222,2189
1565,503
8811,2718
5248,4278
3154,1861
6587,1452
5281,6847
3521,6538
2186,2956
1351,9543
9042,1712
1680,7871
9023,6759
1664,1874
7328,319
7952,4356
8646,7761
14,8546
1589,184
1128,3419
6757,502
5471,7287
8002,6734
4532,9286
7134,5580
5472,8339
7212,5240
3591,1306
4738,1173
8805,448
1864,1754
2477,9016
7688,6504
2165,705
32,6617
6613,5561
5081,3866
2435,4703
5643,69
5402,9541
6697,4585
2502,1657
8459,6201
4854,8366
1539,4102
4595,4149
9228,4001
6214,6919
2166,2028
4118,3409
8949,2576
8770,792
1551,8987
748,7163
7309,4307
9494,350
3654,9126
6340,8139
4334,6176
6223,3801
8658,1876
8481,9231
5979,9667
4335,1555
7930,6535
5093,7724
2865,2330
6085,352
9143,2444
4202,5864
2634,1445
5275,939
9319,9786
6103,7807
2819,7569
8360,4815
5889,1166
4692,9397
1590,8545
1289,8806
5096,2263
5271,5123
630,7859
6184,2414
5119,8840
4720,9284
1556,7221
5895,3149
6270,6838
1229,1474
2216,9684
446,1112
4622,4693
4190,8694
4734,9918
1931,9129
9693,1749
9431,8153
4023,2903
6570,4086
7871,3750
6355,2050
8606,1
4680,4410
262,2382
6321,6054
9908,9423
40,9593
6019,7972
2887,6527
4170,4495
6109,5884
3058,7141
5626,6768
231,953
8432,8716
9698,4050
3547,1373
2824,5419
5324,3230
864,9961
7228,6743
2493,4360
6495,7424
6031,2981
5781,8095
3692,8925
2859,2504
4528,4035
2690,5139
3102,1869
5656,2737
1895,3988
9720,9742
9747,442
6305,2943
1014,8898
7602,1644
7510,2606
4504,8966
2617,3908
8790,9187
6874,6444
8255,1964
5333,7125
6046,6320
5360,1211
7979,6125
1409,234
6938,1169
8575,6481
1458,7505
9996,9935
4443,3585
7572,155
7371,1137
5888,9094
7824,1558
8659,8504
8916,2252
3640,8218
9809,4371
3868,1941
1145,1099
9305,1301
9020,3733
9437,7319
2988,7575
1414,8131
3728,8124
8205,5963
7565,16
7825,7439
881,7280
6224,1081
1405,1866
2725,9907
5697,3569
4473,3080
4071,8879
9832,3894
5886,2409
1874,8788
9572,6918
1031,2895
1813,7904
3366,8572
9150,3883
1800,1587
3939,8109
4184,5826
2698,5296
3107,7300
6118,7609
412,1434
6221,861
2995,6425
7226,9650
4137,9340
1210,6288
1820,2892
8977,302
3932,6611
3095,8151
3752,625
3697,7490
5585,9829
8762,3350
9554,3201
247,414
3241,2537
3727,22
3422,7150
5513,1562
496,3909
6994,2945
6970,3323
1703,6155
9808,4093
3541,8638
1318,2607
4874,8732
5879,3594
2624,1250
7411,682
4659,8676
9629,2211
4244,8691
2852,748
9428,196
2964,8392
8371,2785
1063,4534
8706,5078
8294,5485
9490,588
4191,6787
9211,8439
1569,7708
6310,7002
4728,4580
893,61
7299,8972
7197,9173
284,4202
6297,9025
2246,2445
19,9189
6101,8432
2189,8943
5595,2205
5293,1334
7748,1461
1920,7034
1429,1581
2004,8010
1686,4196
2478,1996
193,1619
6684,4792
6732,6772
9370,5637
3416,1742
8086,8772
8149,9162
4834,9691
216,6208
4867,5910
8763,2508
7041,2205
6957,9328
1569,8902
2222,8180
587,235
6373,4119
9064,1873
1205,1504
4166,7414
9495,7703
3067,391
6625,7509
8845,4209
8612,1302
6063,4247
8899,7294
7228,6472
1607,3027
1785,6755
9507,493
8273,3871
7696,8590
431,1098
2235,3975
8485,4108
8048,9845
7276,5219
1335,4125
3853,628
2746,4463
8911,3683
577,6536
8168,9975
2792,7262
4013,4740
2835,6536
6308,999
5714,9729
5142,5602
9994,296
3712,1687
3190,6699
7819,1466
6803,3584
1459,7707
5415,7427
9059,4621
2986,1455
8061,7599
2713,96
8346,7886
9687,5910
5449,2860
2967,9458
7849,3863
4620,7701
2716,1716
1968,5653
1009,9939
6444,9540
2248,9721
8752,325
8719,2172
887,3698
778,2634
7104,225
4284,8787
6592,7902
1874,4056
9165,9489
3600,6414
9213,7230
8423,1004
9873,366
9676,4689
5196,6522
1286,3455
6417,7893
7916,5725
3247,1515
8284,6425
5513,3834
3873,9567
511,4450
976,2166
5624,3776
5182,8827
1122,8567
4728,7121
9361,7911
6430,6441
7892,2410
4336,238
6791,2367
8609,7128
3574,9729
3552,6260
6197,6458
7558,1879
2060,7079
3780,7820
2598,3287
3882,8875
799,5478
2279,1594
3878,3637
129,1517
3753,5017
4816,8568
4274,657
3872,6684
4993,7852
421,9614
4916,744
2506,2159
1775,5329
8750,8122
5564,1976
391,5235
3670,2880
6538,1240
3135,5483
4586,6452
1480,4040
1100,1223
717,3713
2065,5660
5240,3735
1888,1876
3196,3603
6487,521
7137,5941
3222,8742
2328,8385
258,110
11,1864
4706,3657
9855,5070
4198,4158
7938,1599
2595,7219
4110,4592
8537,8151
3279,2630
5491,307
6730,8577
2552,3620
1835,5734
4065,1094
1850,2782
1269,4013
7775,4484
7953,6142
4817,7378
1649,5720
2303,2157
9223,2262
2438,6409
9791,5919
6054,3710
8458,8409
4094,2631
1264,7974
8602,9240
945,1064
8387,4836
9568,6161
9159,6844
3012,3369
4050,4679
9241,7896
9168,4851
8961,9811
5456,7664
5510,5631
5947,3372
2958,3210
5702,9898
149,9669
1198,6895
6220,2868
1056,6395
1300,1784
5042,2250
6028,9790
5101,4585
5657,2994
5212,1714
685,1324
2404,4921
1901,6645
6707,4552
4746,4267
3152,3853
9951,4139
804,2049
8877,2860
4944,290
4884,685
981,2289
605,7774
1407,7553
4531,1577
6206,825
7732,6766
6177,5701
1395,9525
5407,2599
7915,4585
2998,7615
4203,3932
6811,9544
1282,3147
5967,167
3455,3156
3142,226
8971,6826
8627,2199
9727,8292
944,4885
5411,7859
1813,2760
7194,1251
7245,55
5773,7136
7726,1747
8232,9265
6934,3436
8641,178
3604,5436
4250,8918
4281,6933
202,7297
3936,2282
6552,860
6700,490
9387,7540
3399,959
4479,4467
2343,1060
8522,8265
3689,2185
1550,5418
2956,9169
3766,1194
891,7399
4523,7238
8986,819
3074,7347
300,3506
5170,2206
2272,468
1718,6924
9075,9083
976,8824
7924,1131
5523,4781
8878,6607
3953,3518
1418,3897
4016,6483
5247,9192
4101,8778
86,4329
704,6674
4034,1083
3035,8407
2300,6075
778,779
8079,915
6937,9068
1622,8887
2435,3622
2183,2108
7676,8577
2840,1023
5927,4052
7906,1225
5988,8872
4767,6295
4290,8987
8751,5185
9199,5118
3693,8645
892,4215
7399,1617
9045,6609
9458,6462
2552,9575
5321,3553
1960,7048
4263,8981
6764,5615
6035,3045
8864,2233
4270,1404
8242,6205
4694,9762
287,4262
2841,9644
2803,2844
4785,7157
1036,9474
7907,3653
5027,4750
3037,7663
410,8862
4263,4979
5373,688
2350,3096
4552,2708
6855,2308
8051,4364
6967,8753
5297,6856
3160,1048
6419,5904
5658,492
1612,5992
2854,4725
1068,6863
1247,9137
171,1595
9642,567
9510,4289
2939,9619
9129,6194
8753,2998
1272,9444
9048,4366
2938,829
6164,8727
1273,7005
5394,8758
7830,6
4662,5070
1376,955
6797,6182
9688,366
887,3736
6014,3776
5399,2733
6430,3895
8815,786
2820,7125
9657,9839
1083,64
3750,2419
2681,9756
3797,7108
5393,4152
3107,9701
6386,2386
7928,8599
3764,9883
3447,9329
2501,4008
3565,4101
3763,7963
7376,6003
7108,5797
8992,4114
8165,1982
654,5766
7740,8697
5382,4478
9412,2237
6582,640
9946,9298
5715,8762
4291,8716
7302,8390
6508,5653
752,4968
6358,1782
5089,8235
5410,1345
8897,7074
7477,22
1333,7596
7149,889
7647,5645
9788,8811
9268,8191
5386,9615
8665,4938
353,6780
4281,8275
9434,8449
9135,7252
9047,1473
3568,6565
3153,1897
3217,9288
4789,6412
5148,1169
4481,6128
780,6823
6034,3879
5300,2507
5814,6035
107,574
9096,9035
7217,4978
5077,9000
6036,6463
4207,8979
222,7229
8272,2254
2328,3894
7262,4634
2943,8409
1594,9296
5614,402
595,1920
8178,1979
3468,5448
402,6836
3144,3670
6104,7574
2170,7565
7943,9076
1703,5510
3038,6973
6552,4145
9033,484
4356,3586
2006,5979
5251,2077
1187,1484
1324,6080
9601,5737
8008,7895
6377,5629
62,5480
6934,9386
167,5794
3589,974
6831,6184
5720,1355
5048,4082
6847,8224
888,5800
5383,2604
987,626
8468,72
5140,1703
5669,5135
9207,6751
7897,5861
9225,3284
2764,4093
7657,4363
2493,7333
3842,2092
3073,1765
4382,1792
8238,3962
1427,8603
9452,2812
7211,7334
8465,1564
5564,2568
5000,8466
1842,630
8968,6726
1480,5115
6982,6379
4138,4804
8801,8483
4332,3516
8869,1897
8647,5948
9362,4400
6538,8186
7848,4635
7071,5537
7624,4228
2668,9775
183,9751
3979,6013
2418,5875
7271,3502
6863,6108
8030,1358
4895,7116
3393,1088
7020,4523
8682,1112
123,2626
5150,2978
6606,5426
3624,8695
9300,9737
8143,8757
4859,2972
1993,5824
9828,9122
3161,924
3586,3866
3162,8217
9533,2038
7855,5028
630,1598
2740,3908
9800,910
6658,8726
427,2126
6009,2738
3269,2347
888,2471
453,5251
4559,7814
7255,1572
6702,6562
3237,3899
4122,4322
7210,8877
2737,312
4863,9517
8459,3101
5797,9371
4421,3914
5493,1324
1098,384
758,389
2571,8771
779,4225
3614,8121
5185,2052
1299,8817
9202,8841
7551,7505
8415,8868
2543,3722
8640,619
6153,184
6807,7584
545,178
1561,4560
4468,4991
5654,1796
2172,7052
6186,3538
7953,1400
4172,6615
3838,5671
1787,9291
7713,9391
124,8260
3552,2953
6825,3250
3725,5824
8593,7265
6738,229
2581,6321
3222,4875
6547,759
6134,4921
3305,8555
962,8931
1957,5045
9526,122
757,7377
4323,1591
7798,1805
9083,1446
8961,3254
7068,9497
2905,1589
6787,3062
9526,2611
3618,9455
9233,3929
661,2634
1529,6900
594,3453
3150,8063
2125,6503
1950,7244
6312,84
2171,9347
6917,8872
9169,4585
2646,8549
6387,3447
2673,8417
8665,1398
7929,5862
9159,949
8660,6743
7884,1461
6862,3065
2111,5600
1595,6474
2129,543
8906,3874
4072,3707
1217,4633
5964,4961
6375,3427
2109,3790
8406,7786
6849,8547
7653,9504
1331,408
4568,9874
4615,1202
9625,7043
8295,698
9541,7526
3563,2144
3242,2482
2599,3402
2397,6441
4018,8252
5339,226
8083,7756
4274,2314
8953,2051
5208,4568
436,1046
9787,2090
183,2895
466,6342
1143,9157
6128,5417
4300,7471
7512,767
6517,2642
3648,2326
7998,7911
3689,43
2829,9489
2173,3100
2733,4066
2382,5431
1572,837
8627,7126
6416,5574
8077,8680
990,5012
1399,6767
1692,5115
5831,8935
649,35
9251,3367
1566,2575
7171,7185
6875,9774
5062,2403
2468,550
655,6142
4206,4728
8451,5848
9109,5917
1670,1812
9604,5762
6498,7618
7287,713
5664,8887
3042,2936
9804,1669
316,2576
4367,1328
4904,9855
5822,3059
266,367
452,5868
1169,7129
5948,4034
3980,8733
6677,2322
5007,6656
7063,4103
3681,2270
8232,8104
8167,4966
788,1578
2114,379
785,2173
638,8744
8563,8744
5346,1919
2015,6059
5185,1243
4882,304
5106,8385
4661,6129
2103,6753
7083,9723
9941,7708
8834,1490
9876,8321
7242,8287
4142,5341
4743,8784
6985,662
5188,7127
7994,4188
3363,18
9616,3881
8650,1474
2805,6815
5879,2449
5341,1558
4743,9122
8113,6507
6656,9724
4420,2298
2357,7436
7152,9923
2448,1926
3342,7971
772,1022
6109,5223
5355,3705
8850,8003
2476,1337
6627,5155
8789,9689
9310,5267
407,1730
3150,1865
9908,6874
8533,4974
3311,2624
5064,7556
8823,2629
2217,6610
7841,2462
1416,4329
2937,9836
6851,9099
5470,4717
3204,2598
2009,1548
7847,9651
5528,6363
4,7939
5331,6586
698,5710
393,9464
3896,4116
4595,8122
1316,9212
981,3718
4199,2894
9505,5436
2865,8938
1152,5983
593,9483
8743,6715
9010,67
2836,1806
4466,8813
9621,8621
2481,9808
7128,3360
1432,1296
2031,9595
7396,4140
3638,2453
3017,6313
7628,8906
2551,7853
7229,4428
8104,4539
1601,3519
2017,2677
8107,5442
7977,7878
2157,4485
5450,7144
2687,1871
4568,225
6599,1760
8873,6461
9595,1668
2057,4888
5572,9385
6744,6833
3783,232
9802,8246
5961,6487
1577,4199
1412,6767
5578,2765
4455,5216
4758,3061
144,4342
6958,4879
2062,7418
3805,6193
4395,6610
275,2910
8747,8580
5751,7679
7624,5484
4602,5575
3044,982
8093,6104
7188,3747
4524,1866
3561,3124
6382,2676
1637,2126
3897,5895
1044,9784
5278,7242
6678,9485
2559,1833
9937,7821
977,4165
977,9322
5482,6156
9397,719
6208,1157
9823,4821
3261,8324
9565,2210
6609,7658
4422,1727
4714,4264
6122,1078
462,7638
6899,3905
9079,2127
7835,969
7434,6509
7570,501
3055,2842
998,4511
8012,2467
93,1243
117,3274
997,8932
7600,5155
1847,2785
2664,9847
390,8597
37,9990
5074,7725
1680,3205
3201,364
746,4066
5596,5451
8547,8468
2482,9966
5891,3938
615,5762
555,8970
3886,232
4271,7267
8235,1276
7135,3466
843,5903
3854,9402
9484,9759
1773,7818
5224,6714
255,7485
7296,4171
3018,446
1577,7826
4667,8949
6975,9472
1747,7493
9758,4929
4733,5169
7019,5092
9690,6705
1128,1627
2038,1118
5221,4034
4214,4581
5542,296
3577,9331
6540,6393
810,5987
822,3154
3287,1982
8060,3940
166,5986
1887,6245
554,8019
8536,600
82,8809
4393,2882
482,3574
3059,2897
4540,617
954,1254
618,1525
2693,4072
3381,1399
7988,9514
8106,1566
6277,2979
7551,5693
8021,5963
3966,5992
944,6029
8647,3327
9628,1613
6877,7667
1126,9122
9469,9733
4146,6832
2730,2301
979,9342
9443,3336
2492,7229
1611,5506
7970,4578
2266,6506
9864,6147
6655,3607
8183,8000
1737,3495
5965,1609
8199,3600
9296,2483
3659,7052
3326,8214
4258,7116
2232,1829
7566,1297
6007,1101
5890,3214
4864,8468
5729,4842
6470,9937
5503,5664
2058,4614
1729,4874
6124,742
637,8925
9679,1345
6526,7314
5332,6584
1178,6844
4372,3006
2493,2609
7967,3151
2037,3361
6279,7231
3441,5479
5675,252
2192,1230
5087,9629
4456,7379
196,3235
6048,455
4587,8050
3796,4901
3987,2349
2641,724
8130,2139
2154,9029
6165,9365
5275,3866
8853,873
3667,5861
5341,8128
3391,1637
7263,5276
5736,2390
7059,6322
1175,6554
794,8196
6772,3608
4169,4948
383,9862
2400,5156
203,6164
7790,7799
8222,3547
4630,9840
8560,4196
3055,5969
2673,8309
8624,2431
9835,6270
182,7759
4595,4979
1848,5582
7234,1299
6329,7577
62,3134
3140,327
6454,7089
784,3043
7888,7967
7826,7671
1726,3400
1395,5408
421,5904
3315,5627
783,9989
3374,3135
2522,2535
8671,4131
859,9050
7641,1256
6336,1782
5266,4267
7140,3735
3448,7984
8437,1646
1389,2611
478,2694
7482,6390
2433,2836
4497,3839
355,3904
7616,9401
1118,783
6860,2141
2631,4800
817,1587
3617,385
7303,9903
1208,9859
2648,9572
3427,6322
8839,6041
5079,4436
1623,9384
9398,6591
1501,7656
4799,5874
5326,9467
7309,5419
8871,7529
2929,3767
8860,2928
4884,3748
6364,8549
4528,6605
2663,7144
3971,7955
8560,6640
7872,2964
7224,2197
9902,6594
2254,7241
7663,344
9455,9738
1048,4480
4102,6742
9602,1093
3710,8721
1066,7881
2490,7057
3472,4343
5133,2892
1104,2357
7642,3158
6977,171
